country,REG5,REG6,REG7,REG8,REG9,Average,rank
Japan,2,4,1,6,6,3.8,1
Mexico,6,,3,2,,3.666666667,2
Norway,5,4,2,4,3,3.6,3
Portugal,4,4,4,4,2,3.6,3
Sweden,4,4,6,2,2,3.6,3
Finland,4,4,3,0,6,3.4,6
Austria,2,6,1,6,1,3.2,7
Estonia,4,4,1,6,1,3.2,7
Chile,6,6,1,0,2,3,9
France,4,5,3,0,,3,9
Italy,0,6,3,4,2,3,9
Slovenia,4,3,3,4,1,3,9
Germany,4,3,3,3,1,2.8,13
Luxembourg,2,3,1,6,2,2.8,13
Netherlands,3,5,1,2,3,2.8,13
Korea,2,,1,6,2,2.75,16
Czech Republic,0,4,1,6,2,2.6,17
Greece,1,5,1,4,2,2.6,17
Slovak Republic,0,4,2,5,2,2.6,17
Iceland,0,4,,0,6,2.5,20
Belgium,0,4,3,0,5,2.4,21
Hungary,0,4,2,4,1,2.2,22
Ireland,0,2,4,2,3,2.2,22
Israel,0,2,1,2,6,2.2,22
New Zealand,0,6,1,2,2,2.2,22
Spain,2,5,2,0,1,2,26
Turkey,0,4,5,0,1,2,26
Canada,0,4,,2,1,1.75,28
United States,0,,,1,4,1.666666667,29
Australia,0,3,1,3,1,1.6,30
Poland,0,5,0,2,1,1.6,30
Switzerland,0,5,1,0,2,1.6,30
United Kingdom,0,2,1,2,2,1.4,33
Denmark,0,2,2,2,0,1.2,34
